Carrier Code,Date (MM/DD/YYYY),Destination Airport,Scheduled departure time,Actual departure time,Scheduled elapsed time (Minutes),Actual elapsed time (Minutes),Departure delay (Minutes),Wheels-off time,Taxi-Out time (Minutes),Delay Carrier (Minutes),Delay Weather (Minutes),Delay National Aviation System (Minutes),Delay Security (Minutes),Delay Late Aircraft Arrival (Minutes),Num_Delay_Reasons,Primary_Delay_Reason,Total_Delay_Time,Primary_Delay_Percentage
B6,01/12/2024,JFK,17:50,18:08,164.0,212.0,18.0,19:14,66.0,0.0,18.0,48.0,0.0,0.0,2,Aviation System,0.0,0.7272727272727273
B6,01/24/2024,JFK,17:50,17:36,164.0,161.0,-14.0,17:48,12.0,0.0,0.0,0.0,0.0,0.0,0,No Reason,0.0,0.0
B6,02/12/2024,JFK,17:50,00:00,164.0,0.0,0.0,00:00,0.0,0.0,0.0,0.0,0.0,0.0,0,No Reason,0.0,0.0
B6,02/24/2024,JFK,16:43,16:35,166.0,171.0,-8.0,16:51,16.0,0.0,0.0,0.0,0.0,0.0,0,No Reason,0.0,0.0
B6,03/12/2024,JFK,16:56,17:09,169.0,164.0,13.0,17:22,13.0,0.0,0.0,0.0,0.0,0.0,0,No Reason,0.0,0.0
B6,03/24/2024,JFK,16:56,18:14,169.0,177.0,78.0,18:37,23.0,12.0,0.0,8.0,0.0,66.0,3,Late Aircraft,0.0,0.7674418604651163
B6,04/12/2024,JFK,16:50,16:39,185.0,186.0,-11.0,16:56,17.0,0.0,0.0,0.0,0.0,0.0,0,No Reason,0.0,0.0
B6,04/24/2024,JFK,16:50,16:33,185.0,169.0,-17.0,16:52,19.0,0.0,0.0,0.0,0.0,0.0,0,No Reason,0.0,0.0
B6,05/12/2024,JFK,16:41,18:53,187.0,163.0,132.0,19:11,18.0,9.0,0.0,0.0,0.0,99.0,2,Late Aircraft,0.0,0.9166666666666666
B6,05/24/2024,JFK,16:41,16:55,187.0,214.0,14.0,17:23,28.0,4.0,0.0,27.0,0.0,10.0,3,Aviation System,0.0,0.6585365853658537
B6,06/12/2024,JFK,16:41,16:35,184.0,181.0,-6.0,16:57,22.0,0.0,0.0,0.0,0.0,0.0,0,No Reason,0.0,0.0
