year,month,carrier,carrier_name,airport,airport_name,arr_flights,arr_del15,carrier_ct,weather_ct,nas_ct,security_ct,late_aircraft_ct,arr_cancelled,arr_diverted,arr_delay,carrier_delay,weather_delay,nas_delay,security_delay,late_aircraft_delay
2022,12,9E,Endeavor Air Inc.,MCI,"Kansas City, MO: Kansas City International",34.00,7.00,2.44,0.00,2.04,0.00,2.52,1.00,0.00,1426.00,304.00,0.00,910.00,0.00,212.00
2022,12,AA,American Airlines Network,MCI,"Kansas City, MO: Kansas City International",473.00,121.00,39.47,4.30,16.51,1.07,59.66,5.00,0.00,6583.00,2005.00,250.00,679.00,47.00,3602.00
2022,12,AS,Alaska Airlines Network,MCI,"Kansas City, MO: Kansas City International",54.00,24.00,8.88,1.00,6.15,0.00,7.97,4.00,0.00,1280.00,620.00,20.00,203.00,0.00,437.00
2022,12,B6,JetBlue Airways,MCI,"Kansas City, MO: Kansas City International",62.00,20.00,13.50,0.00,0.62,0.00,5.88,1.00,0.00,1997.00,1164.00,0.00,18.00,0.00,815.00
2022,12,DL,Delta Air Lines Network,MCI,"Kansas City, MO: Kansas City International",528.00,109.00,55.99,7.30,20.46,0.00,25.25,20.00,2.00,7984.00,5191.00,446.00,785.00,0.00,1562.00
2022,12,F9,Frontier Airlines,MCI,"Kansas City, MO: Kansas City International",36.00,8.00,5.00,0.29,2.71,0.00,0.00,1.00,0.00,255.00,169.00,14.00,72.00,0.00,0.00
2022,12,G4,Allegiant Air,MCI,"Kansas City, MO: Kansas City International",15.00,1.00,0.60,0.00,0.40,0.00,0.00,0.00,0.00,20.00,12.00,0.00,8.00,0.00,0.00
2022,12,MQ,Envoy Air,MCI,"Kansas City, MO: Kansas City International",67.00,21.00,7.16,1.52,6.39,0.00,5.92,2.00,0.00,1428.00,386.00,140.00,298.00,0.00,604.00
2022,12,NK,Spirit Airlines,MCI,"Kansas City, MO: Kansas City International",130.00,42.00,21.67,0.00,12.50,0.53,7.31,4.00,0.00,2259.00,1174.00,0.00,575.00,29.00,481.00
2022,12,OH,PSA Airlines Inc.,MCI,"Kansas City, MO: Kansas City International",30.00,6.00,1.04,0.00,2.19,0.00,2.77,1.00,0.00,388.00,39.00,0.00,66.00,0.00,283.00
2022,12,OO,SkyWest Airlines Inc.,MCI,"Kansas City, MO: Kansas City International",114.00,33.00,24.00,7.00,0.00,1.00,1.00,6.00,0.00,2431.00,1972.00,320.00,0.00,23.00,116.00
2022,12,UA,United Air Lines Network,MCI,"Kansas City, MO: Kansas City International",313.00,94.00,33.63,1.45,11.29,0.00,47.63,7.00,0.00,9407.00,2892.00,366.00,517.00,0.00,5632.00
2022,12,WN,Southwest Airlines,MCI,"Kansas City, MO: Kansas City International",1656.00,380.00,151.69,5.28,49.24,1.54,172.25,260.00,1.00,24957.00,10146.00,591.00,2000.00,69.00,12151.00
2022,12,YV,Mesa Airlines Inc.,MCI,"Kansas City, MO: Kansas City International",112.00,17.00,10.00,1.00,4.00,0.00,2.00,0.00,1.00,803.00,509.00,78.00,95.00,0.00,121.00
2022,12,YX,Republic Airline,MCI,"Kansas City, MO: Kansas City International",160.00,25.00,8.26,0.00,6.48,0.00,10.26,9.00,1.00,1490.00,616.00,0.00,145.00,0.00,729.00
2022,12,ZW,Air Wisconsin Airlines Corp,MCI,"Kansas City, MO: Kansas City International",5.00,3.00,0.43,0.00,1.00,0.00,1.57,0.00,0.00,231.00,28.00,0.00,17.00,0.00,186.00
2022,11,9E,Endeavor Air Inc.,MCI,"Kansas City, MO: Kansas City International",75.00,19.00,8.06,0.00,7.48,0.00,3.46,3.00,0.00,1405.00,783.00,0.00,270.00,0.00,352.00
2022,11,AA,American Airlines Network,MCI,"Kansas City, MO: Kansas City International",499.00,117.00,39.27,2.25,16.34,0.83,58.30,4.00,0.00,8293.00,2951.00,119.00,642.00,25.00,4556.00
2022,11,AS,Alaska Airlines Network,MCI,"Kansas City, MO: Kansas City International",48.00,9.00,1.00,3.00,2.50,0.00,2.50,0.00,0.00,486.00,66.00,267.00,75.00,0.00,78.00
2022,11,B6,JetBlue Airways,MCI,"Kansas City, MO: Kansas City International",59.00,7.00,5.14,0.00,1.18,0.00,0.68,0.00,0.00,461.00,397.00,0.00,25.00,0.00,39.00
2022,11,DL,Delta Air Lines Network,MCI,"Kansas City, MO: Kansas City International",589.00,82.00,44.10,0.77,17.21,0.00,19.91,0.00,1.00,5346.00,3224.00,127.00,528.00,0.00,1467.00
2022,11,F9,Frontier Airlines,MCI,"Kansas City, MO: Kansas City International",34.00,11.00,5.72,0.00,3.31,0.00,1.97,1.00,0.00,708.00,236.00,0.00,150.00,0.00,322.00
2022,11,G4,Allegiant Air,MCI,"Kansas City, MO: Kansas City International",2.00,0.00,0.00,0.00,0.00,0.00,0.00,0.00,0.00,0.00,0.00,0.00,0.00,0.00,0.00
2022,11,MQ,Envoy Air,MCI,"Kansas City, MO: Kansas City International",55.00,16.00,6.42,1.55,0.83,0.00,7.20,1.00,0.00,1163.00,362.00,99.00,55.00,0.00,647.00
2022,11,NK,Spirit Airlines,MCI,"Kansas City, MO: Kansas City International",150.00,37.00,17.90,0.77,4.66,0.24,13.43,2.00,0.00,2669.00,1154.00,34.00,207.00,21.00,1253.00
2022,11,OH,PSA Airlines Inc.,MCI,"Kansas City, MO: Kansas City International",5.00,2.00,0.13,0.00,0.41,0.00,1.46,0.00,0.00,168.00,15.00,0.00,21.00,0.00,132.00
2022,11,OO,SkyWest Airlines Inc.,MCI,"Kansas City, MO: Kansas City International",73.00,10.00,8.00,2.00,0.00,0.00,0.00,1.00,1.00,576.00,470.00,106.00,0.00,0.00,0.00
2022,11,UA,United Air Lines Network,MCI,"Kansas City, MO: Kansas City International",267.00,55.00,22.58,0.54,9.60,1.00,21.28,2.00,0.00,2971.00,995.00,38.00,405.00,141.00,1392.00
2022,11,WN,Southwest Airlines,MCI,"Kansas City, MO: Kansas City International",1599.00,306.00,132.42,1.76,42.95,1.60,127.27,8.00,1.00,12578.00,5298.00,64.00,1372.00,41.00,5803.00
2022,11,YV,Mesa Airlines Inc.,MCI,"Kansas City, MO: Kansas City International",98.00,13.00,6.00,2.00,3.00,0.00,2.00,0.00,0.00,796.00,430.00,78.00,149.00,0.00,139.00
2022,11,YX,Republic Airline,MCI,"Kansas City, MO: Kansas City International",204.00,36.00,12.35,1.12,8.31,0.00,14.22,5.00,0.00,1526.00,380.00,169.00,222.00,0.00,755.00
2022,10,9E,Endeavor Air Inc.,MCI,"Kansas City, MO: Kansas City International",136.00,23.00,10.20,0.00,2.10,0.00,10.69,5.00,0.00,1411.00,420.00,0.00,142.00,0.00,849.00
2022,10,AA,American Airlines Network,MCI,"Kansas City, MO: Kansas City International",537.00,124.00,47.05,3.12,11.66,0.31,61.87,4.00,0.00,8969.00,4007.00,203.00,428.00,6.00,4325.00
2022,10,AS,Alaska Airlines Network,MCI,"Kansas City, MO: Kansas City International",46.00,5.00,3.00,0.00,0.93,0.00,1.07,0.00,0.00,196.00,130.00,0.00,25.00,0.00,41.00
2022,10,B6,JetBlue Airways,MCI,"Kansas City, MO: Kansas City International",62.00,9.00,7.50,0.00,1.12,0.00,0.38,0.00,0.00,594.00,535.00,0.00,39.00,0.00,20.00
2022,10,DL,Delta Air Lines Network,MCI,"Kansas City, MO: Kansas City International",542.00,56.00,33.98,1.00,9.42,0.00,11.60,1.00,0.00,3611.00,2351.00,187.00,212.00,0.00,861.00
2022,10,F9,Frontier Airlines,MCI,"Kansas City, MO: Kansas City International",55.00,20.00,4.64,0.00,9.64,0.00,5.72,0.00,0.00,1069.00,207.00,0.00,431.00,0.00,431.00
2022,10,MQ,Envoy Air,MCI,"Kansas City, MO: Kansas City International",64.00,9.00,2.25,0.00,1.12,0.00,5.63,0.00,0.00,765.00,172.00,0.00,210.00,0.00,383.00
2022,10,NK,Spirit Airlines,MCI,"Kansas City, MO: Kansas City International",150.00,34.00,14.37,0.00,14.18,1.00,4.45,2.00,1.00,1155.00,432.00,0.00,544.00,31.00,148.00
2022,10,OH,PSA Airlines Inc.,MCI,"Kansas City, MO: Kansas City International",60.00,2.00,2.00,0.00,0.00,0.00,0.00,1.00,2.00,55.00,55.00,0.00,0.00,0.00,0.00
2022,10,OO,SkyWest Airlines Inc.,MCI,"Kansas City, MO: Kansas City International",158.00,12.00,12.00,0.00,0.00,0.00,0.00,0.00,1.00,604.00,604.00,0.00,0.00,0.00,0.00
2022,10,UA,United Air Lines Network,MCI,"Kansas City, MO: Kansas City International",327.00,44.00,15.43,0.00,7.01,0.00,21.56,0.00,0.00,3021.00,1279.00,0.00,319.00,0.00,1423.00
2022,10,WN,Southwest Airlines,MCI,"Kansas City, MO: Kansas City International",1658.00,316.00,139.75,1.24,33.61,2.00,139.40,18.00,1.00,12180.00,4820.00,30.00,898.00,105.00,6327.00
2022,10,YV,Mesa Airlines Inc.,MCI,"Kansas City, MO: Kansas City International",65.00,2.00,2.00,0.00,0.00,0.00,0.00,0.00,0.00,172.00,172.00,0.00,0.00,0.00,0.00
2022,10,YX,Republic Airline,MCI,"Kansas City, MO: Kansas City International",140.00,23.00,4.86,0.00,8.36,0.00,9.78,0.00,0.00,1213.00,271.00,0.00,304.00,0.00,638.00
2022,10,ZW,Air Wisconsin Airlines Corp,MCI,"Kansas City, MO: Kansas City International",1.00,1.00,0.12,0.00,0.00,0.00,0.88,0.00,0.00,26.00,3.00,0.00,0.00,0.00,23.00
2022,9,9E,Endeavor Air Inc.,MCI,"Kansas City, MO: Kansas City International",111.00,24.00,5.69,0.95,7.89,0.00,9.47,1.00,0.00,1886.00,458.00,59.00,447.00,0.00,922.00
2022,9,AA,American Airlines Network,MCI,"Kansas City, MO: Kansas City International",483.00,102.00,40.85,4.28,12.93,0.00,43.94,4.00,0.00,5559.00,2400.00,135.00,503.00,0.00,2521.00
2022,9,AS,Alaska Airlines Network,MCI,"Kansas City, MO: Kansas City International",57.00,11.00,3.82,0.00,6.18,0.00,1.00,0.00,0.00,478.00,274.00,0.00,163.00,0.00,41.00
2022,9,B6,JetBlue Airways,MCI,"Kansas City, MO: Kansas City International",60.00,8.00,6.45,0.00,0.88,0.00,0.67,0.00,0.00,367.00,306.00,0.00,35.00,0.00,26.00
2022,9,DL,Delta Air Lines Network,MCI,"Kansas City, MO: Kansas City International",503.00,39.00,27.15,0.00,3.62,0.00,8.23,0.00,0.00,2070.00,1486.00,0.00,111.00,0.00,473.00
2022,9,F9,Frontier Airlines,MCI,"Kansas City, MO: Kansas City International",56.00,19.00,5.02,0.00,10.84,0.00,3.13,0.00,0.00,990.00,278.00,0.00,453.00,0.00,259.00
2022,9,G7,GoJet Airlines LLC d/b/a United Express,MCI,"Kansas City, MO: Kansas City International",6.00,1.00,0.02,0.00,0.00,0.00,0.98,0.00,0.00,170.00,3.00,0.00,0.00,0.00,167.00
2022,9,MQ,Envoy Air,MCI,"Kansas City, MO: Kansas City International",85.00,11.00,2.69,0.76,4.18,0.00,3.37,1.00,0.00,432.00,76.00,38.00,143.00,0.00,175.00
2022,9,NK,Spirit Airlines,MCI,"Kansas City, MO: Kansas City International",114.00,24.00,5.86,0.47,13.24,0.00,4.43,5.00,0.00,1480.00,341.00,38.00,700.00,0.00,401.00
2022,9,OH,PSA Airlines Inc.,MCI,"Kansas City, MO: Kansas City International",22.00,6.00,0.37,0.00,2.41,0.00,3.22,0.00,0.00,261.00,13.00,0.00,113.00,0.00,135.00
2022,9,OO,SkyWest Airlines Inc.,MCI,"Kansas City, MO: Kansas City International",144.00,12.00,8.00,0.00,1.00,0.00,3.00,0.00,0.00,617.00,394.00,0.00,103.00,0.00,120.00
2022,9,UA,United Air Lines Network,MCI,"Kansas City, MO: Kansas City International",250.00,26.00,9.29,1.59,7.90,0.00,7.22,0.00,0.00,1046.00,280.00,153.00,236.00,0.00,377.00
2022,9,WN,Southwest Airlines,MCI,"Kansas City, MO: Kansas City International",1606.00,390.00,166.01,9.78,33.17,2.71,178.33,19.00,1.00,20005.00,7984.00,687.00,1187.00,63.00,10084.00
2022,9,YV,Mesa Airlines Inc.,MCI,"Kansas City, MO: Kansas City International",92.00,16.00,9.00,1.00,1.00,0.00,5.00,0.00,0.00,2194.00,1669.00,38.00,15.00,0.00,472.00
2022,9,YX,Republic Airline,MCI,"Kansas City, MO: Kansas City International",242.00,40.00,11.65,1.15,16.93,0.00,10.27,0.00,0.00,2248.00,835.00,93.00,580.00,0.00,740.00
2022,8,9E,Endeavor Air Inc.,MCI,"Kansas City, MO: Kansas City International",31.00,5.00,1.79,0.00,2.99,0.00,0.22,1.00,0.00,518.00,154.00,0.00,331.00,0.00,33.00
2022,8,AA,American Airlines Network,MCI,"Kansas City, MO: Kansas City International",519.00,135.00,44.14,8.32,17.69,0.50,64.34,30.00,0.00,8682.00,2425.00,824.00,810.00,9.00,4614.00
2022,8,AS,Alaska Airlines Network,MCI,"Kansas City, MO: Kansas City International",62.00,6.00,1.95,0.00,1.18,0.00,2.88,0.00,0.00,196.00,117.00,0.00,19.00,0.00,60.00
2022,8,B6,JetBlue Airways,MCI,"Kansas City, MO: Kansas City International",62.00,13.00,9.03,1.00,2.04,0.00,0.92,0.00,0.00,1156.00,869.00,79.00,122.00,0.00,86.00
2022,8,DL,Delta Air Lines Network,MCI,"Kansas City, MO: Kansas City International",453.00,66.00,38.11,3.11,5.48,0.00,19.30,2.00,0.00,6028.00,4439.00,192.00,240.00,0.00,1157.00
2022,8,F9,Frontier Airlines,MCI,"Kansas City, MO: Kansas City International",55.00,18.00,4.62,0.98,3.75,0.00,8.65,0.00,0.00,1414.00,443.00,139.00,117.00,0.00,715.00
2022,8,G4,Allegiant Air,MCI,"Kansas City, MO: Kansas City International",11.00,2.00,0.45,0.00,0.57,0.00,0.98,0.00,0.00,191.00,64.00,0.00,79.00,0.00,48.00
2022,8,MQ,Envoy Air,MCI,"Kansas City, MO: Kansas City International",89.00,15.00,5.09,0.33,1.77,1.00,6.80,2.00,0.00,703.00,175.00,6.00,41.00,40.00,441.00
2022,8,NK,Spirit Airlines,MCI,"Kansas City, MO: Kansas City International",93.00,17.00,6.11,0.67,6.23,0.34,3.64,1.00,0.00,1047.00,344.00,102.00,246.00,28.00,327.00
2022,8,OH,PSA Airlines Inc.,MCI,"Kansas City, MO: Kansas City International",35.00,6.00,3.13,0.00,1.00,0.11,1.75,0.00,0.00,583.00,351.00,0.00,26.00,10.00,196.00
2022,8,OO,SkyWest Airlines Inc.,MCI,"Kansas City, MO: Kansas City International",122.00,19.00,11.00,2.00,0.00,1.00,5.00,2.00,0.00,1145.00,621.00,47.00,0.00,22.00,455.00
2022,8,UA,United Air Lines Network,MCI,"Kansas City, MO: Kansas City International",254.00,64.00,30.07,1.17,7.85,0.00,24.91,8.00,0.00,5600.00,2259.00,43.00,336.00,0.00,2962.00
2022,8,WN,Southwest Airlines,MCI,"Kansas City, MO: Kansas City International",1701.00,589.00,241.48,12.63,48.14,1.55,285.20,27.00,2.00,33777.00,11386.00,1099.00,2190.00,197.00,18905.00
2022,8,YV,Mesa Airlines Inc.,MCI,"Kansas City, MO: Kansas City International",134.00,21.00,14.00,3.00,3.00,0.00,1.00,6.00,0.00,3538.00,3180.00,241.00,82.00,0.00,35.00
2022,8,YX,Republic Airline,MCI,"Kansas City, MO: Kansas City International",379.00,68.00,26.75,3.02,20.57,0.40,17.26,20.00,1.00,4505.00,1450.00,273.00,1195.00,81.00,1506.00
2022,7,9E,Endeavor Air Inc.,MCI,"Kansas City, MO: Kansas City International",36.00,6.00,1.58,0.00,2.35,0.00,2.07,2.00,0.00,1536.00,989.00,0.00,141.00,0.00,406.00
2022,7,AA,American Airlines Network,MCI,"Kansas City, MO: Kansas City International",433.00,155.00,56.35,4.27,15.72,0.00,78.67,9.00,0.00,11161.00,5300.00,403.00,642.00,0.00,4816.00
2022,7,AS,Alaska Airlines Network,MCI,"Kansas City, MO: Kansas City International",62.00,4.00,4.00,0.00,0.00,0.00,0.00,0.00,0.00,109.00,109.00,0.00,0.00,0.00,0.00
2022,7,B6,JetBlue Airways,MCI,"Kansas City, MO: Kansas City International",62.00,9.00,6.26,0.39,1.82,0.00,0.53,1.00,0.00,1604.00,1276.00,95.00,104.00,0.00,129.00
2022,7,DL,Delta Air Lines Network,MCI,"Kansas City, MO: Kansas City International",432.00,73.00,39.50,3.41,10.62,0.00,19.46,4.00,0.00,4610.00,2805.00,94.00,364.00,0.00,1347.00
2022,7,F9,Frontier Airlines,MCI,"Kansas City, MO: Kansas City International",34.00,9.00,2.47,0.00,3.44,0.00,3.10,2.00,0.00,528.00,142.00,0.00,119.00,0.00,267.00
2022,7,G4,Allegiant Air,MCI,"Kansas City, MO: Kansas City International",23.00,4.00,1.00,1.54,1.46,0.00,0.00,0.00,0.00,132.00,38.00,49.00,45.00,0.00,0.00
2022,7,MQ,Envoy Air,MCI,"Kansas City, MO: Kansas City International",86.00,14.00,5.38,0.14,1.43,0.00,7.05,1.00,0.00,795.00,314.00,4.00,35.00,0.00,442.00
2022,7,NK,Spirit Airlines,MCI,"Kansas City, MO: Kansas City International",93.00,20.00,7.59,2.65,6.31,0.31,3.13,0.00,0.00,993.00,300.00,245.00,263.00,18.00,167.00
2022,7,OH,PSA Airlines Inc.,MCI,"Kansas City, MO: Kansas City International",71.00,13.00,3.37,0.00,6.41,0.00,3.22,3.00,0.00,974.00,380.00,0.00,255.00,0.00,339.00
2022,7,OO,SkyWest Airlines Inc.,MCI,"Kansas City, MO: Kansas City International",160.00,34.00,24.00,6.00,0.00,0.00,4.00,2.00,1.00,2233.00,1421.00,494.00,0.00,0.00,318.00
2022,7,UA,United Air Lines Network,MCI,"Kansas City, MO: Kansas City International",256.00,84.00,29.32,3.99,13.32,0.00,37.37,1.00,0.00,6263.00,2392.00,144.00,621.00,0.00,3106.00
2022,7,WN,Southwest Airlines,MCI,"Kansas City, MO: Kansas City International",1694.00,586.00,240.12,6.79,60.93,2.91,275.26,15.00,1.00,31424.00,12138.00,540.00,2403.00,227.00,16116.00
2022,7,YV,Mesa Airlines Inc.,MCI,"Kansas City, MO: Kansas City International",124.00,24.00,12.00,5.00,4.00,0.00,3.00,2.00,0.00,4365.00,3449.00,539.00,217.00,0.00,160.00
2022,7,YX,Republic Airline,MCI,"Kansas City, MO: Kansas City International",379.00,91.00,33.39,5.06,23.71,0.00,28.84,16.00,0.00,6582.00,1960.00,642.00,1213.00,0.00,2767.00
2022,6,UA,United Air Lines Network,MCI,"Kansas City, MO: Kansas City International",259.00,90.00,27.14,3.30,14.32,0.00,45.24,9.00,2.00,7129.00,1886.00,280.00,654.00,0.00,4309.00
2022,6,WN,Southwest Airlines,MCI,"Kansas City, MO: Kansas City International",1588.00,474.00,206.31,9.49,43.84,0.00,214.37,16.00,3.00,23756.00,9232.00,1384.00,2515.00,0.00,10625.00
2022,6,YV,Mesa Airlines Inc.,MCI,"Kansas City, MO: Kansas City International",98.00,13.00,9.00,1.44,1.00,0.00,1.56,3.00,1.00,1627.00,1311.00,168.00,37.00,0.00,111.00
2022,6,YX,Republic Airline,MCI,"Kansas City, MO: Kansas City International",348.00,64.00,20.23,1.76,24.76,1.00,16.24,20.00,0.00,4702.00,1403.00,70.00,1826.00,140.00,1263.00
2022,6,9E,Endeavor Air Inc.,MCI,"Kansas City, MO: Kansas City International",31.00,7.00,1.87,0.00,4.17,0.00,0.95,2.00,0.00,650.00,220.00,0.00,193.00,0.00,237.00
2022,6,AA,American Airlines Network,MCI,"Kansas City, MO: Kansas City International",442.00,161.00,65.95,8.60,18.66,0.00,67.79,24.00,0.00,10560.00,4360.00,494.00,723.00,0.00,4983.00
2022,6,AS,Alaska Airlines Network,MCI,"Kansas City, MO: Kansas City International",60.00,5.00,2.88,0.00,2.13,0.00,0.00,0.00,0.00,187.00,141.00,0.00,46.00,0.00,0.00
2022,6,B6,JetBlue Airways,MCI,"Kansas City, MO: Kansas City International",60.00,15.00,8.55,0.00,4.00,0.00,2.45,1.00,0.00,976.00,439.00,0.00,203.00,0.00,334.00
2022,6,DL,Delta Air Lines Network,MCI,"Kansas City, MO: Kansas City International",472.00,87.00,54.28,3.56,11.49,0.96,16.71,19.00,2.00,4951.00,3020.00,287.00,516.00,51.00,1077.00
2022,6,F9,Frontier Airlines,MCI,"Kansas City, MO: Kansas City International",33.00,4.00,0.15,0.19,3.66,0.00,0.00,0.00,0.00,138.00,7.00,3.00,128.00,0.00,0.00
2022,6,G4,Allegiant Air,MCI,"Kansas City, MO: Kansas City International",21.00,3.00,0.00,0.15,1.00,0.00,1.85,1.00,0.00,118.00,0.00,11.00,30.00,0.00,77.00
2022,6,G7,GoJet Airlines LLC d/b/a United Express,MCI,"Kansas City, MO: Kansas City International",2.00,0.00,0.00,0.00,0.00,0.00,0.00,0.00,0.00,0.00,0.00,0.00,0.00,0.00,0.00
2022,6,MQ,Envoy Air,MCI,"Kansas City, MO: Kansas City International",86.00,17.00,6.27,0.00,6.42,0.00,4.32,1.00,1.00,728.00,230.00,0.00,270.00,0.00,228.00
2022,6,NK,Spirit Airlines,MCI,"Kansas City, MO: Kansas City International",89.00,22.00,12.29,0.39,7.21,0.00,2.11,0.00,0.00,1506.00,926.00,39.00,413.00,0.00,128.00
2022,6,OH,PSA Airlines Inc.,MCI,"Kansas City, MO: Kansas City International",88.00,28.00,9.31,0.07,9.00,0.03,9.59,5.00,0.00,2069.00,921.00,5.00,480.00,1.00,662.00
2022,6,OO,SkyWest Airlines Inc.,MCI,"Kansas City, MO: Kansas City International",205.00,40.00,29.00,5.00,1.00,1.00,4.00,1.00,0.00,1977.00,1236.00,145.00,28.00,39.00,529.00
2022,5,9E,Endeavor Air Inc.,MCI,"Kansas City, MO: Kansas City International",27.00,3.00,1.00,0.00,0.79,0.00,1.21,1.00,0.00,123.00,19.00,0.00,25.00,0.00,79.00
2022,5,AA,American Airlines Network,MCI,"Kansas City, MO: Kansas City International",401.00,89.00,29.07,2.47,14.32,0.00,43.14,7.00,0.00,5174.00,1468.00,209.00,655.00,0.00,2842.00
2022,5,AS,Alaska Airlines Network,MCI,"Kansas City, MO: Kansas City International",62.00,3.00,1.00,0.00,2.00,0.00,0.00,0.00,0.00,101.00,68.00,0.00,33.00,0.00,0.00
2022,5,B6,JetBlue Airways,MCI,"Kansas City, MO: Kansas City International",62.00,13.00,7.41,0.00,2.94,0.00,2.65,1.00,0.00,1229.00,613.00,0.00,320.00,0.00,296.00
2022,5,DL,Delta Air Lines Network,MCI,"Kansas City, MO: Kansas City International",502.00,68.00,35.98,1.04,7.47,0.00,23.51,8.00,0.00,5926.00,4084.00,44.00,189.00,0.00,1609.00
2022,5,F9,Frontier Airlines,MCI,"Kansas City, MO: Kansas City International",22.00,5.00,2.65,0.00,0.35,0.00,2.00,2.00,0.00,153.00,69.00,0.00,7.00,0.00,77.00
2022,5,G4,Allegiant Air,MCI,"Kansas City, MO: Kansas City International",20.00,7.00,1.82,0.00,3.45,0.00,1.73,0.00,0.00,335.00,153.00,0.00,122.00,0.00,60.00
2022,5,G7,GoJet Airlines LLC d/b/a United Express,MCI,"Kansas City, MO: Kansas City International",26.00,4.00,2.40,0.00,1.00,0.00,0.60,0.00,0.00,152.00,83.00,0.00,19.00,0.00,50.00
2022,5,MQ,Envoy Air,MCI,"Kansas City, MO: Kansas City International",92.00,14.00,2.69,0.76,4.80,0.00,5.75,0.00,2.00,446.00,81.00,19.00,152.00,0.00,194.00
2022,5,NK,Spirit Airlines,MCI,"Kansas City, MO: Kansas City International",118.00,43.00,13.14,1.13,11.05,0.00,17.68,2.00,0.00,2759.00,682.00,32.00,630.00,0.00,1415.00
2022,5,OH,PSA Airlines Inc.,MCI,"Kansas City, MO: Kansas City International",62.00,17.00,2.31,0.00,4.28,0.00,10.41,1.00,0.00,1020.00,122.00,0.00,108.00,0.00,790.00
2022,5,OO,SkyWest Airlines Inc.,MCI,"Kansas City, MO: Kansas City International",201.00,40.00,31.00,2.00,0.00,0.00,7.00,0.00,1.00,3004.00,2532.00,150.00,0.00,0.00,322.00
2022,5,QX,Horizon Air,MCI,"Kansas City, MO: Kansas City International",13.00,4.00,3.00,0.00,0.00,0.00,1.00,0.00,0.00,131.00,112.00,0.00,0.00,0.00,19.00
2022,5,UA,United Air Lines Network,MCI,"Kansas City, MO: Kansas City International",175.00,47.00,20.05,0.00,5.75,0.00,21.20,3.00,0.00,4731.00,1571.00,0.00,211.00,0.00,2949.00
2022,5,WN,Southwest Airlines,MCI,"Kansas City, MO: Kansas City International",1491.00,364.00,148.65,7.86,39.92,0.73,166.84,5.00,2.00,16085.00,6022.00,477.00,1814.00,22.00,7750.00
2022,5,YV,Mesa Airlines Inc.,MCI,"Kansas City, MO: Kansas City International",129.00,21.00,16.00,1.00,3.00,0.00,1.00,1.00,0.00,1707.00,1361.00,173.00,153.00,0.00,20.00
2022,5,YX,Republic Airline,MCI,"Kansas City, MO: Kansas City International",394.00,86.00,25.12,5.50,25.45,0.00,29.92,22.00,1.00,6985.00,2754.00,740.00,1057.00,0.00,2434.00
2022,4,9E,Endeavor Air Inc.,MCI,"Kansas City, MO: Kansas City International",25.00,4.00,2.13,0.00,0.04,0.00,1.82,0.00,0.00,192.00,122.00,0.00,2.00,0.00,68.00
2022,4,AA,American Airlines Network,MCI,"Kansas City, MO: Kansas City International",351.00,85.00,28.39,2.76,22.42,0.00,31.43,5.00,2.00,4926.00,1910.00,309.00,651.00,0.00,2056.00
2022,4,AS,Alaska Airlines Network,MCI,"Kansas City, MO: Kansas City International",57.00,6.00,3.05,0.00,1.16,0.00,1.79,6.00,0.00,282.00,159.00,0.00,54.00,0.00,69.00
2022,4,B6,JetBlue Airways,MCI,"Kansas City, MO: Kansas City International",60.00,15.00,8.15,0.91,3.92,0.00,2.02,4.00,0.00,1099.00,423.00,49.00,347.00,0.00,280.00
2022,4,DL,Delta Air Lines Network,MCI,"Kansas City, MO: Kansas City International",451.00,71.00,44.92,0.31,10.29,0.00,15.48,4.00,1.00,4317.00,3040.00,22.00,402.00,0.00,853.00
2022,4,F9,Frontier Airlines,MCI,"Kansas City, MO: Kansas City International",13.00,1.00,0.00,0.00,0.76,0.00,0.24,0.00,0.00,21.00,0.00,0.00,16.00,0.00,5.00
2022,4,G4,Allegiant Air,MCI,"Kansas City, MO: Kansas City International",25.00,5.00,1.09,0.00,0.71,0.00,3.20,1.00,0.00,340.00,46.00,0.00,45.00,0.00,249.00
2022,4,MQ,Envoy Air,MCI,"Kansas City, MO: Kansas City International",117.00,20.00,7.41,1.00,7.19,0.00,4.40,2.00,1.00,757.00,301.00,19.00,190.00,0.00,247.00
2022,4,NK,Spirit Airlines,MCI,"Kansas City, MO: Kansas City International",106.00,34.00,10.34,0.39,14.12,0.00,9.15,8.00,0.00,2786.00,728.00,17.00,1150.00,0.00,891.00
2022,4,OH,PSA Airlines Inc.,MCI,"Kansas City, MO: Kansas City International",61.00,13.00,2.74,0.94,4.26,0.00,5.06,0.00,1.00,495.00,65.00,102.00,118.00,0.00,210.00
2022,4,OO,SkyWest Airlines Inc.,MCI,"Kansas City, MO: Kansas City International",182.00,30.00,21.00,3.00,0.00,0.00,6.00,1.00,2.00,2372.00,1508.00,362.00,0.00,0.00,502.00
2022,4,UA,United Air Lines Network,MCI,"Kansas City, MO: Kansas City International",138.00,33.00,10.18,1.82,6.34,0.00,14.66,0.00,0.00,2438.00,844.00,53.00,220.00,0.00,1321.00
2022,4,WN,Southwest Airlines,MCI,"Kansas City, MO: Kansas City International",1424.00,442.00,183.60,3.28,54.01,0.00,201.11,27.00,3.00,22987.00,8430.00,237.00,2287.00,0.00,12033.00
2022,4,YV,Mesa Airlines Inc.,MCI,"Kansas City, MO: Kansas City International",149.00,18.00,11.84,1.00,2.00,0.00,3.16,2.00,0.00,1244.00,699.00,368.00,52.00,0.00,125.00
2022,4,YX,Republic Airline,MCI,"Kansas City, MO: Kansas City International",366.00,62.00,16.00,0.21,22.76,0.00,23.02,4.00,1.00,2929.00,786.00,21.00,674.00,0.00,1448.00
2022,3,9E,Endeavor Air Inc.,MCI,"Kansas City, MO: Kansas City International",22.00,7.00,2.22,0.00,2.95,0.00,1.83,1.00,0.00,253.00,66.00,0.00,98.00,0.00,89.00
2022,3,AA,American Airlines Network,MCI,"Kansas City, MO: Kansas City International",368.00,64.00,29.99,1.68,7.57,1.42,23.33,10.00,1.00,4819.00,2630.00,76.00,331.00,65.00,1717.00
2022,3,AS,Alaska Airlines Network,MCI,"Kansas City, MO: Kansas City International",46.00,5.00,1.93,0.00,1.07,0.00,2.00,1.00,0.00,124.00,37.00,0.00,18.00,0.00,69.00
2022,3,B6,JetBlue Airways,MCI,"Kansas City, MO: Kansas City International",10.00,4.00,2.15,0.00,1.02,0.00,0.82,0.00,0.00,219.00,130.00,0.00,47.00,0.00,42.00
2022,3,DL,Delta Air Lines Network,MCI,"Kansas City, MO: Kansas City International",475.00,80.00,44.47,5.72,10.60,0.00,19.20,2.00,1.00,8161.00,4288.00,2256.00,406.00,0.00,1211.00
2022,3,F9,Frontier Airlines,MCI,"Kansas City, MO: Kansas City International",27.00,10.00,4.91,0.85,3.28,0.00,0.97,0.00,0.00,610.00,299.00,34.00,181.00,0.00,96.00
2022,3,G4,Allegiant Air,MCI,"Kansas City, MO: Kansas City International",33.00,11.00,3.40,1.20,2.11,0.00,4.28,4.00,1.00,675.00,97.00,208.00,98.00,0.00,272.00
2022,3,MQ,Envoy Air,MCI,"Kansas City, MO: Kansas City International",205.00,35.00,12.11,0.99,14.28,0.00,7.62,3.00,0.00,1155.00,399.00,19.00,446.00,0.00,291.00
2022,3,NK,Spirit Airlines,MCI,"Kansas City, MO: Kansas City International",152.00,45.00,14.67,2.94,18.09,0.00,9.30,2.00,1.00,3099.00,633.00,476.00,1141.00,0.00,849.00
2022,3,OH,PSA Airlines Inc.,MCI,"Kansas City, MO: Kansas City International",58.00,7.00,4.30,0.92,0.56,0.00,1.23,3.00,1.00,441.00,319.00,65.00,24.00,0.00,33.00
2022,3,OO,SkyWest Airlines Inc.,MCI,"Kansas City, MO: Kansas City International",120.00,20.00,14.00,5.00,0.00,0.00,1.00,0.00,1.00,1618.00,791.00,804.00,0.00,0.00,23.00
2022,3,UA,United Air Lines Network,MCI,"Kansas City, MO: Kansas City International",114.00,28.00,10.98,2.51,5.78,0.00,8.73,0.00,0.00,2419.00,592.00,958.00,260.00,0.00,609.00
2022,3,WN,Southwest Airlines,MCI,"Kansas City, MO: Kansas City International",1358.00,422.00,193.40,2.75,47.31,1.99,176.55,43.00,5.00,20886.00,9050.00,239.00,1902.00,112.00,9583.00
2022,3,YV,Mesa Airlines Inc.,MCI,"Kansas City, MO: Kansas City International",194.00,26.00,15.93,4.00,3.10,0.00,2.97,4.00,2.00,3992.00,1680.00,1887.00,95.00,0.00,330.00
2022,3,YX,Republic Airline,MCI,"Kansas City, MO: Kansas City International",450.00,93.00,23.99,5.03,42.89,0.00,21.10,20.00,4.00,4907.00,1195.00,866.00,1469.00,0.00,1377.00
2022,2,9E,Endeavor Air Inc.,MCI,"Kansas City, MO: Kansas City International",2.00,2.00,2.00,0.00,0.00,0.00,0.00,0.00,0.00,430.00,430.00,0.00,0.00,0.00,0.00
2022,2,AA,American Airlines Network,MCI,"Kansas City, MO: Kansas City International",354.00,90.00,38.89,5.11,13.60,0.00,32.40,42.00,1.00,9575.00,3116.00,1596.00,689.00,0.00,4174.00
2022,2,AS,Alaska Airlines Network,MCI,"Kansas City, MO: Kansas City International",29.00,1.00,0.00,0.99,0.01,0.00,0.00,0.00,0.00,86.00,0.00,85.00,1.00,0.00,0.00
2022,2,DL,Delta Air Lines Network,MCI,"Kansas City, MO: Kansas City International",412.00,63.00,26.08,3.79,11.40,0.00,21.73,13.00,0.00,4075.00,2642.00,233.00,353.00,0.00,847.00
2022,2,F9,Frontier Airlines,MCI,"Kansas City, MO: Kansas City International",21.00,6.00,2.31,0.00,1.84,0.00,1.85,1.00,0.00,454.00,192.00,0.00,83.00,0.00,179.00
2022,2,G4,Allegiant Air,MCI,"Kansas City, MO: Kansas City International",16.00,7.00,4.38,0.00,0.17,0.00,2.45,1.00,0.00,404.00,310.00,0.00,5.00,0.00,89.00
2022,2,MQ,Envoy Air,MCI,"Kansas City, MO: Kansas City International",215.00,48.00,10.40,5.50,16.79,0.00,15.31,10.00,0.00,2464.00,545.00,260.00,658.00,0.00,1001.00
2022,2,NK,Spirit Airlines,MCI,"Kansas City, MO: Kansas City International",124.00,27.00,12.77,0.00,6.40,0.00,7.84,2.00,0.00,1814.00,693.00,0.00,443.00,0.00,678.00
2022,2,OH,PSA Airlines Inc.,MCI,"Kansas City, MO: Kansas City International",66.00,20.00,4.15,0.41,3.36,0.10,11.97,0.00,0.00,1627.00,299.00,23.00,143.00,7.00,1155.00
2022,2,OO,SkyWest Airlines Inc.,MCI,"Kansas City, MO: Kansas City International",125.00,25.00,16.00,5.00,0.00,0.00,4.00,6.00,0.00,1595.00,790.00,539.00,0.00,0.00,266.00
2022,2,UA,United Air Lines Network,MCI,"Kansas City, MO: Kansas City International",106.00,27.00,9.36,0.44,8.08,0.00,9.12,4.00,0.00,1137.00,322.00,67.00,265.00,0.00,483.00
2022,2,WN,Southwest Airlines,MCI,"Kansas City, MO: Kansas City International",1252.00,228.00,107.54,3.76,38.85,0.00,77.84,81.00,8.00,10380.00,4634.00,162.00,1475.00,0.00,4109.00
2022,2,YV,Mesa Airlines Inc.,MCI,"Kansas City, MO: Kansas City International",150.00,29.00,18.00,1.00,8.00,0.00,2.00,10.00,0.00,5620.00,3980.00,73.00,318.00,0.00,1249.00
2022,2,YX,Republic Airline,MCI,"Kansas City, MO: Kansas City International",385.00,91.00,19.77,3.78,37.84,0.00,29.61,33.00,1.00,5748.00,1272.00,295.00,1319.00,0.00,2862.00
2022,1,AA,American Airlines Network,MCI,"Kansas City, MO: Kansas City International",337.00,51.00,18.39,0.75,6.72,1.00,24.14,9.00,0.00,3384.00,1385.00,61.00,282.00,33.00,1623.00
2022,1,AS,Alaska Airlines Network,MCI,"Kansas City, MO: Kansas City International",42.00,3.00,1.41,0.00,0.59,0.00,1.00,5.00,0.00,95.00,42.00,0.00,16.00,0.00,37.00
2022,1,DL,Delta Air Lines Network,MCI,"Kansas City, MO: Kansas City International",435.00,49.00,24.25,3.00,7.47,0.00,14.28,11.00,0.00,2392.00,1172.00,53.00,326.00,0.00,841.00
2022,1,F9,Frontier Airlines,MCI,"Kansas City, MO: Kansas City International",23.00,9.00,3.95,0.75,2.45,0.00,1.85,2.00,0.00,430.00,155.00,55.00,82.00,0.00,138.00
2022,1,G4,Allegiant Air,MCI,"Kansas City, MO: Kansas City International",19.00,10.00,3.51,0.51,1.61,0.00,4.36,1.00,0.00,667.00,293.00,28.00,59.00,0.00,287.00
2022,1,MQ,Envoy Air,MCI,"Kansas City, MO: Kansas City International",234.00,35.00,12.25,3.14,11.00,0.00,8.61,6.00,0.00,1631.00,652.00,80.00,295.00,0.00,604.00
2022,1,NK,Spirit Airlines,MCI,"Kansas City, MO: Kansas City International",140.00,25.00,5.73,0.00,8.10,0.00,11.17,0.00,0.00,1780.00,590.00,0.00,437.00,0.00,753.00
2022,1,OH,PSA Airlines Inc.,MCI,"Kansas City, MO: Kansas City International",59.00,13.00,4.23,1.55,1.82,0.00,5.41,6.00,0.00,858.00,275.00,144.00,97.00,0.00,342.00
2022,1,OO,SkyWest Airlines Inc.,MCI,"Kansas City, MO: Kansas City International",216.00,50.00,39.00,3.00,1.00,0.00,7.00,10.00,0.00,2629.00,1976.00,203.00,45.00,0.00,405.00
2022,1,UA,United Air Lines Network,MCI,"Kansas City, MO: Kansas City International",119.00,27.00,14.30,0.34,2.03,0.00,10.32,3.00,0.00,2948.00,1823.00,28.00,93.00,0.00,1004.00
2022,1,WN,Southwest Airlines,MCI,"Kansas City, MO: Kansas City International",1307.00,256.00,117.14,3.10,28.59,0.00,107.18,79.00,0.00,13354.00,5379.00,234.00,866.00,0.00,6875.00
2022,1,YV,Mesa Airlines Inc.,MCI,"Kansas City, MO: Kansas City International",142.00,31.00,14.80,5.00,10.20,0.00,1.00,19.00,0.00,3069.00,1410.00,1168.00,460.00,0.00,31.00
2022,1,YX,Republic Airline,MCI,"Kansas City, MO: Kansas City International",377.00,68.00,24.99,4.30,17.68,0.00,21.02,32.00,1.00,4143.00,1838.00,302.00,644.00,0.00,1359.00
